skill,frequency
Sales,7265
Python,4708
Project Management,4453
Customer Service,4078
SAP,4056
Management,3877
CSS,3365
Java,3304
SQL,3225
Business Development,2926
Communication,2891
Development,2643
JavaScript,2433
C#,2387
Marketing,1942
English,1817
Automation,1775
REST API,1712
C++,1598
Analytical,1545
AWS,1509
Data Analysis,1506
Customer Support,1494
Operations,1490
Consulting,1373
continuous integration,1364
HTML,1320
Agile,1223
software testing,1215
Kubernetes,1214
Voice Process,1202
Microsoft Azure,1195
BPO,1183
software development,1156
oracle,1148
React,1141
Accounting,1125
B2B Sales,1122
web services,1100
Microsoft Excel,1093
team management,1057
troubleshooting,1050
Training,1041
Machine Learning,1036
Recruitment,1034
application development,998
Lead Generation,988
Networking,976
Troubleshooting,964
Finance,927
International Voice Process,927
Computer science,917
Hindi,909
Compliance,906
Field Sales,863
Relationship,850
accounting,836
Artificial Intelligence,830
Git,826
Angular,825
Telesales,811
Spring Boot,801
Microservices,786
Coding,772
Data,763
agile,737
Power BI,722
Google Cloud Platform,722
Senior,721
Team Handling,708
networking,706
Linux,687
ERP,678
Healthcare,678
channel sales,675
screening,670
accounts payable,666
Process,666
International Call Center,663
AutoCAD,662
Administration,658
business analysis,650
Architecture,646
Cloud,646
application design,644
Procurement,643
development methodologies,629
Banking,624
presentation skills,618
hr generalist activities,615
Docker,598
Design,597
B2C Sales,597
International BPO,595
Inside Sales,593
Oracle,588
Hiring,583
Microsoft Office,573
Sales And Marketing,571
Engineering,561
Apache Hive,558
Backend,556
Telecalling,551
risk management,539
ci/cd,539
Monitoring,536
Calling,533
Insurance Sales,528
Data Analytics,527
accounts receivable,525
hibernate,522
MySQL,521
PostgreSQL,519
automation testing,513
Debugging,504
Negotiation,504
Manager Technology,499
sap hana,499
design principles,498
documentation,497
digital marketing,494
Analytics,493
market research,490
microservices,483
Node.js,483
Blended Process,481
B2B,480
production,471
root cause analysis,467
Assistance,467
erp,465
Voice,463
Cold Calling,461
training,461
devops,460
Project,459
GitHub,457
Relationship management,453
Life Insurance,452
algorithms,451
MIS,449
financial analysis,448
US Process,447
Direct Sales,443
Convincing Power,440
Billing,437
joining formalities,436
TDS,434
program management,433
jsp,430
API,429
Software,429
Usage,428
operations management,428
Research,422
Tally,421
spring boot,420
Continuous improvement,419
Handling,417
Client Acquisition,416
Production,414
Inbound Process,414
Gst,411
Voice Support,408
data warehousing,407
Technical,406
software development life cycle,405
service operations,404
data modeling,404
Taxation,403
debugging,403
performance tuning,402
Team Management,400
Social media,399
Retail,399
Bpo Voice,397
Documentation,396
Supply chain,396
Talent Acquisition,395
Planning,392
technical leadership,390
Natural Language Processing,389
Customer Care,388
Leadership,388
Maintenance,388
recruitment,385
Hospitality,381
SEO,379
Selenium,378
Spring,376
Net,375
Interpersonal skills,375
dbms,374
Office,374
Bpo Customer Service,371
Analysis,370
Acquisition,369
content writing,368
Reconciliation,367
Generation,366
Front end,363
etl,362
Teaching,356
Jenkins,355
Payroll,351
TypeScript,350
Sales management,349
quality control,349
Target Achievement,348
spring,348
Change management,347
Corporate,347
sap s hana,346
Data management,345
Manager Quality Assurance,344
sap abap,342
Team management,342
Channel Sales,340
Sourcing,340
Fluent English,340
technical support,339
Apache Spark,338
Scheduling,338
Lead generation,332
vendor management,330
Field,330
Software testing,330
Product management,328
Reporting,328
Hibernate,326
Budgeting,324
International Sales,324
Full Stack,323
End To End Recruitment,323
Digital Marketing,322
data management,322
HR,322
Tableau,321
Customer satisfaction,320
teaching,318
corporate sales,317
Quality,315
distribution,313
Tally ERP,312
Insurance,310
Branch banking,308
Process improvement,306
Inbound Calls,305
International,304
Cross Selling,304
stress analysis,302
Boot,300
Outbound Sales,300
sap sd,299
auditing,297
Assurance,297
jquery,297
non voice process,295
hrsd,295
Risk management,295
JIRA,292
regression testing,292
Loans,292
Relationship building,291
Outbound,291
Data Science,290
Inbound Voice Process,290
Agency Channel,290
manual testing,289
Auditing,287
Non Voice Process,286
salesforce,285
retail sales,283
Hadoop,283
moderation,281
Focus,281
Coordination,281
microsoft,279
Hrsd,279
sap abap development,279
CRM,278
customer relationship,277
supply chain,275
Excellent Communication In English,274
Net Core,274
ETL,274
HR Operations,273
Scrum,273
Chat Support,273
stakeholder management,272
Performance tuning,272
Stakeholder management,271
Financial services,269
Customer Handling,268
Bfsi Sales,268
Devops,267
quality assurance,267
US Healthcare,267
Outbound Calling,265
autocad,265
