job_id,job_title,total_job_skills,matching_skills,missing_skills,matching_skill_count,missing_skill_count,job_match_percentage,skill_gap_percentage
11025502500,Python-Data Analyst-BF,5,data analysis | data science | python | sql | statistics,,5,0,100.0,0.0
11025011046,JR. Data Analyst,1,data analysis,,1,0,100.0,0.0
31025908739,Senior Data Analyst,1,data analysis,,1,0,100.0,0.0
11025501124,Analyst - Data Analytics,5,data analysis | python | sql | statistics,mathematics,4,1,80.0,20.0
11025009866,Data Analyst,4,data analysis | python | sql,finance domain,3,1,75.0,25.0
11025015649,Data Analyst,4,data analysis | python | statistics,mathematics,3,1,75.0,25.0
31025003124,Data Analyst,4,data analysis | python | sql,finance domain,3,1,75.0,25.0
31025909955,Senior Data Analyst,4,data analysis | python | sql,data wrangling,3,1,75.0,25.0
31025501535,Senior Data Analyst,3,data analysis | statistics,information management,2,1,66.67,33.33
31025500982,Data Analyst,5,data analysis | decision-making | statistics,business intelligence | play,3,2,60.0,40.0
31025012818,Data Analyst,9,commerce | data analysis | e-commerce | python | sql,api | api integration | aws | data analyst lead,5,4,55.56,44.44
31025501186,Analyst-Data Analytics,6,business insights | data analysis | data science,business analysis | data sets | quantitative,3,3,50.0,50.0
11025016244,Lead Data Analyst (Power BI),4,data analysis | python,business intelligence | power bi,2,2,50.0,50.0
31025501527,Junior Data Analyst,2,data analysis,graduates,1,1,50.0,50.0
11025501661,Data Analyst,9,data analysis | python | solve | sql,digital | expert | nutrition | sql queries | treatment,4,5,44.44,55.56
11025501184,Sr Advanced Data Analyst,7,data analysis | data science | python,ai / ml | full-stack development | stack | stack development,3,4,42.86,57.14
31025914385,Senior Data Analyst,7,data analysis | github | statistics,engineers | git | gitlab | quantitative,3,4,42.86,57.14
20925012553,Data Analyst,5,data analysis | python,agency | brand | business administration,2,3,40.0,60.0
31025011782,Data Analyst,5,data analysis | excel,mathematics | powerpoint | vba,2,3,40.0,60.0
30925034885,Data Analyst,8,data analysis | excel | statistics,datasets | large datasets | sumif | vba | vlookup,3,5,37.5,62.5
30925034896,Data Analyst,8,data analysis | excel | statistics,datasets | large datasets | sumif | vba | vlookup,3,5,37.5,62.5
11025502227,Assistant Manager Data Analyst,11,data analysis | data science | excel | statistics,assistant manager | business intelligence | information management | macros | power bi | vba | vba macros,4,7,36.36,63.64
21025000200,Data Analyst,6,data analysis | databases,compile | signage | weekly | wise,2,4,33.33,66.67
31025916205,Business Analyst/Data Analyst,33,data analysis | data warehousing | databases | decision-making | excel | numpy | pandas | python | sql | visualization,and excel | business intelligence | dashboards | data manipulation | data models | data visualization tools | data warehousing concepts | design and implement | inform | libraries | machine | machine learning | methods | power bi | predictive | predictive analytics | presentations | skill development | statistical analyses | tableau | visualization tools | visualizations | warehousing,10,23,30.3,69.7
31025011648,Data Analyst,10,commerce | data analysis | decision-making,accounting | cash | order | order to cash | sales cloud | salesforce | salesforce sales cloud,3,7,30.0,70.0
11025918559,"Data Analyst Credit Risk ( SAS, Python, Model Validation)",7,data analysis | python,credit | credit risk | model validation | risk | validation,2,5,28.57,71.43
31025002377,Data Analyst,7,data analysis | data science,documents | information systems | technical communication | technical writing | writing,2,5,28.57,71.43
31025011478,Medical Data Analyst,11,data analysis | python | research,clinical | clinical trials | coding | medical coding | medical data analyst | spss | statistical software | trials,3,8,27.27,72.73
31025909532,Data Analyst,12,data analysis | excel | sql,bi tools | business intelligence | business intelligence tools | dashboards | google | google sheets | looker | power bi | tableau,3,9,25.0,75.0
11025018847,Data Analyst,8,data analysis | excel,and excel | client reporting | dashboards | excel dashboards | tableau | weekly,2,6,25.0,75.0
11025502938,Data Analyst II,8,data analysis | statistics,analyst ii | hiring process | mathematics | physics | quantitative | sponsorship,2,6,25.0,75.0
31025011251,Data Analyst SB,8,data analysis | excel,cmms | erp | erp systems | maintenance management | management systems | sap,2,6,25.0,75.0
11025501302,Business Data Analyst,9,data analysis | python,data governance | data modeling | governance | modeling | scripting | scripting languages | unstructured data,2,7,22.22,77.78
11025503791,Data Analyst,9,data analysis | excel,customer success | microsoft office | microsoft office suite | powerpoint | salesforce | sharepoint | word,2,7,22.22,77.78
31025502349,IJP - Data Analyst - Survey Administration,5,data analysis,appraisal | hr | rating | survey,1,4,20.0,80.0
30225004635,Data Operations Analyst,21,automated | data analysis | sql | visualization,automated testing | automation | business intelligence | data modeling | data operations | data visualization tools | day shift | frameworks | modeling | night shifts | operations analyst | power bi | qa | qa tools | tableau | testing frameworks | visualization tools,4,17,19.05,80.95
21025006512,Data Analyst,22,data analysis | python | sql | statistics,ai data | ai usage metrics | analysis tools | business intelligence | dashboards | data sets | kpis | metrics | modelling | optimization | power bi | presentation | presentation skills | regression | statistical modelling | tableau | tableau/power bi | telephony,4,18,18.18,81.82
11025504051,Senior Data Analyst,11,data analysis | statistics,business intelligence | dashboards | financial services | fintech | mathematics | payments | quantitative | scratch | setting,2,9,18.18,81.82
11025911302,Data Analyst QA Engineer,11,data analysis | sql,data accuracy | detail-oriented | organizational skills | proactive | qa | qa engineer | query | query writing | writing,2,9,18.18,81.82
31025911808,"Senior Analyst, Big Data Analytics & Engineering",81,data analysis | data science | data warehousing | decision-making | etl | extraction | hadoop | numpy | pandas | pipeline | pyspark | python | sql | statistics,accessibility | advanced analytics | advanced sql | ai/ml | algorithms | alteryx | and alteryx | apache | apache nifi | azure | azure data | azure data factory | balance | big data | big data analytics | business analytics | business intelligence | collaboration skills | consulting | cross-functional collaboration | customer engagement | dashboards | data engineering | data extraction | data factory | data integration | data integration tools | data management | data management and analysis | data pipelines | data processing | database | database management | datasets | degrees | deployment | development and deployment | engagement | engineering tools | factory | impala | inform | integration tools | internal teams | large datasets | machine | machine learning | machine learning algorithms | management systems | model development | pentaho | pipelines | power bi | pre-sales | presentation | presentations | processing | solution | solution development | ssis | stakeholder engagement | tableau | talend | techno | techno-functional | transformation | warehousing,14,67,17.28,82.72
11025503069,Product Data Analyst,58,data analysis | data science | decision-making | etl | extraction | python | sql | statistics | visualization,amplitude | analytical skills | automation | bi tools | business intelligence | coimbatore | continuous improvement | customer journey | customer success | dashboards | data extraction | data insights | data preparation | datasets | direction | ensuring accuracy | etl workflows | exchange | experimentation | gainsight | influencing | journey | kpis | large datasets | looker | looker studio | major | metrics | mixpanel | power bi | preparation | primary | product analyst | product analytics | product strategy | requests | response | rfis | rfps | risk | saas | scale | security | stakeholder collaboration | storytelling | structure | studio | tableau | tracking,9,49,15.52,84.48
11025501660,Data Analyst,13,data analysis | python,automation | equity | fixed income | fixed income products | fluent | interest | investment | process automation | risk | risk analysis | risk management,2,11,15.38,84.62
50625017880,Clinical Data Analyst- Internship With Stipend- Pharma/BDS/ Lifescienc,13,data analysis | internship,annotation | assessment | clinical | clinical assessment | clinical data | clinical data management | close out | data management | pharma | reconcilation | startup,2,11,15.38,84.62
11025503591,Data Operation Analyst,14,automated | data analysis,automated testing | data operation | day shift | frameworks | informatics | information systems | mathematics | night shifts | qa | qa tools | quality assurance | testing frameworks,2,12,14.29,85.71
31025003616,Opportunity For DATA Analyst & MIS - Barmer - Rajasthan,14,data analysis | visualization,bi tool | business intelligence | dashboards | hlookup | hr | hr data analyst | mis preparation | pivot | place | power bi | preparation | vlookup,2,12,14.29,85.71
11025503181,Data Analyst | Talentica.com,7,data analysis,challenge | enterprises | grads | ideas | native | product engineering,1,6,14.29,85.71
21025007166,Data Analyst,7,data analysis,bengaluru | desktop | electron | hiring process | nice | placement,1,6,14.29,85.71
31025502561,"Data Analyst (Oracle, SQL, PLSQL, Unix, Python)",51,data analysis | data warehousing | etl | hadoop | problem solving | python | sql,application development | athena | autosys | availability | aws | aws cloud | aws s3 | bug fixing | command | components | control-m | data engineering | designing and developing | english language | features | grade | informatica | interpersonal communication | interpersonal communication skills | oracle | performance testing | plsql | prioritize | scalable | scheduling | scheduling tools | scripting | shell | shell scripting | snowflake | software development | software development lifecycle | solution | specifications | sqoop | stack | supervision | tivoli | troubleshooting | unix | unix shell | unix shell scripting | volume | warehousing,7,44,13.73,86.27
11025018595,Business Analyst (IT & Data),8,sql,design tools | elicitation | figma | ms.net | requirement analysis | technical knowledge | visio,1,7,12.5,87.5
11025023395,Executive - HR Analyst (Data Analyst) at Ahmedabad,8,data analysis,ahmedabad | dashboards | hr | hr analyst | hr dashboards | hris | payroll,1,7,12.5,87.5
80925013586,Senior Data Analyst,49,data analysis | decision-making | excel | python | sql | visualization,algorithms | alignment | analysis tools | analysts | analytical mindset | aws | bi reporting | bi tools | business intelligence | business intelligence analyst | creative | creative solutions | dashboards | data governance | data manipulation | data models | data platform | data quality | data sources | data strategy | datasets | ecommerce | engineers | fast | fulfillment | governance | implementing | large datasets | looker | management skills | mentorship | new projects | payments | power bi | presentations | project management | project management skills | requirements gathering | sql queries | tableau | timing | validation | visualization tools,6,43,12.24,87.76
50825033929,Data Analyst,38,data analysis | excel | sql | visualization,bigquery | dashboards | data manipulation | data visualizations | data workflows | datasets | detail-oriented | frameworks | fraud | fraud detection | knowledge sharing | large datasets | marketplace | marketplace operations | metrics | optimization | payment | performance metrics | pivot | pivot tables | query | remote | reporting dashboards | risk | risk analytics | risk management | safety | sharing | tableau | tables | title | trust & safety | visualization tools | visualizations,4,34,10.53,89.47
31025919413,Power BI Developer | Data Analyst,10,data analysis,architecting | bi developer | bi development | business intelligence | kpi | migration | power bi | power bi developer | power bi development,1,9,10.0,90.0
31025500785,Data Analyst I,41,data analysis | excel | research | statistics,analytical skills | availability | basic computer | basic computer skills | business rules | case | computer skills | content | court cases | data maintenance | deed | documents | estate | foreclosure | industry standards | mortgage | ms office suite | organized | prioritize | quality assurance | quality control | real estate | remediation | repair | resource | rules | sale | strong verbal and written communication | third party | title | validation | vendor | vendor data | vendors | verbal and written | verbal and written communication | verification,4,37,9.76,90.24
30925011082,Data Management Analyst HRIS (Contractor),11,excel,analytical skills | and analytical skills | contractor | data management | hcm | hcm systems | hris | sap | successfactors | workday,1,10,9.09,90.91
31025500028,Quality Analyst I - Data Access Management,11,python,access management | alteryx | class | contractual | legal | quality analyst | risk | seamless | tableau | user experience,1,10,9.09,90.91
11025500805,Analyst-Data Science & Strategy,108,data analysis | data science | excel | foundation | python | research | solve | sql | statistics,accountability | agreements | american | american express | arrangements | assets | back | background verification | base | biometrics | bonus | career development | challenge | change | change management | channel | check | collection | color | conducting | contract | contracts | control management | controllership | counseling | credit | credit bureau | customer lifecycle | customer management | data handling | data mining | data sources | data strategy | dental | digital | events | excellence | exit | exploration | express | fast | fortify | fraud | fraud risk management | free | gen ai | hybrid | incentives | influencing | innovative | institute | journey | laws | leave | life insurance | mathematics | mental health | merchant | methods | metrics | mining | modeling | multiple projects | national | negotiate | onboarding | operational excellence | operational risk | orientation | origin | performance metrics | prevention | pricing | problem-solving skills | process improvement | procurement | program | project management | prospecting | quantitative | quantitative techniques | regulations | retirement | risk | risk management | security | service level | service level agreements | supply | supply management | team player | third party | vendor | vendor data | vendor onboarding | vendors | verification | wellness | work orders,9,99,8.33,91.67
11025500135,IN-Senior Associate_ Data Analyst /Data Hub_OC Guidewire,99,analytical thinking | data analysis | data warehousing | etl | extraction | sql | visualization,active listening | advisory | agile | agile principles | agility | automation | automation testing | b.e | billing | business analysis | business applications | business intelligence | c insurance | change | claimcenter | claims | claims management | cloud platforms | configuration | consulting | creativity | data conversion | data extraction | data hub | data mapping | data migration | data model | data models | data profiling | data quality | degrees | delivery excellence | drives | empathy | engagement | ethnic | etl tool | excellence | features | functional testing | gap analysis | government | guidewire | guidewire integration | guidewire testing | handover | iics | insurance domain | job posting | line | listening | m.tech | mapping | mentorship | migration | operational efficiency | orientation | p&c | p&c insurance | personal | policy | policy administration | policycenter | posting | profiling | qa | quality analysis | quality assurance | quality assurance testing | query | regression | regression testing | report | scripts | scrum | seamless | senior associate | snowflake | software solutions | source | sponsorship | subject matter | team player | technical documentation | technology consulting | testing and quality assurance | tolerance | transformation | user stories | visa | warehousing | willingness to learn,7,92,7.07,92.93
31025020210,MDM Lead Data Analyst (Bangalore - Immediate Joiners Only),17,data analysis,analytical & problem-solving | data management | data modeling | data quality | data stewardship | expert | feeding | governance | immediate joiners | informatica | informatica mdm | modeling | rules | source | stakeholder management | stewardship,1,16,5.88,94.12
11025500482,Sr Analyst - Data Governance & Management,84,python | sql,agile | american | american express | and testing | arrangements | audit | back | background verification | base | bonus | career development | check | class | classification | collibra | color | communications | communications skills | compliance management | controls | counseling | current | data classification | data governance | data intelligence | data management | data quality | dedicated | dental | downstream | enterprise data management | express | free | global strategy | governance | history | hybrid | ideas | incentives | incident | incident management | information systems | laws | leave | life insurance | management professional | mental health | merchant | national | network | network services | operating | order | orientation | origin | payment | platform expertise | policy | premium | primary | program | programming language | quality monitoring | regulations | regulatory | remediation | requests | resolving | retirement | risk | risk management | roadmap | safe | shared | sourcing | sr analyst | steward | upstream | verification | voice | welcome | wellness,2,82,2.38,97.62
31025909542,Senior Data Analyst,45,data analysis,accounting | b.e | bloomberg | bonds | cash | cash management | charles | charles river | corporate | corporate actions | custodian | derivatives | e/m | equities | factset | industry trends | internal policies | investment | investment management | investment operations | investment performance | investment performance reporting | investment products | m.tech | management systems | mentorship | ops manager | performance measurement | performance reporting | portfolio | portfolio accounting | portfolio management | process improvements | processing | productivity | regulatory | regulatory requirements | reporting and analytics | reuters | settlements | trade | trade processing | trade settlements | trading,1,44,2.22,97.78
21025009346,Data Consultant Analyst,1,,academic,0,1,0.0,100.0
31025002187,Risk Management-Risk Data-Analyst/Associate,7,,commercial | financial products | financial services | impact analysis | market data | risk | risk management,0,7,0.0,100.0
31025006882,Business Intelligence Analyst (Data Management Specialist),6,,agile | business intelligence | business intelligence analyst | business requirements | data management | work management,0,6,0.0,100.0
31025010624,Opening For IT Business Analyst-NTT DATA,3,,business administration | information technology | it business analyst,0,3,0.0,100.0
31025500019,Data Management Analyst - Team Leader,4,,business analytics | data management | team leader | transformation,0,4,0.0,100.0
31025502801,HIH - Data Engineering Lead Analyst,6,,cost | cost savings | data engineering | engineering lead | lead analyst | process improvements,0,6,0.0,100.0
31025503306,Analyst - Database Management,3,,database | database management | lease,0,3,0.0,100.0
31025914369,"Senior Analyst, Data Quality Programs-2",3,,assets | data quality | merchant,0,3,0.0,100.0
70825009893,Hiring Sr. Quality Analyst with Datamatics- Mumbai/Bangalore,32,,agile | agile methodologies | audits | awareness | black belt | cmmi | consultancy | dashboard | green | green belt | industry standards | itil | jira | management systems | methodology | metrics | process control | program | quality analyst | quality assurance | quality management | quality management systems | root cause | root cause analysis | secondary | sigma | six sigma | six sigma green belt | software development | statistical process control | status reports | trainings,0,32,0.0,100.0
