target_role,skill_name,jobs_requiring_skill,matching_jobs,missing_jobs,demand_percentage,student_has_skill,priority
data analyst,data analyst,51,0,51,72.86,No,HIGH
data analyst,analytics,16,0,16,22.86,No,MEDIUM
data analyst,bi,13,0,13,18.57,No,MEDIUM
data analyst,dashboards,11,0,11,15.71,No,MEDIUM
data analyst,tableau,10,0,10,14.29,No,MEDIUM
data analyst,and reporting,9,0,9,12.86,No,MEDIUM
data analyst,economics,9,0,9,12.86,No,MEDIUM
data analyst,insights,8,0,8,11.43,No,MEDIUM
data analyst,intelligence,8,0,8,11.43,No,MEDIUM
data analyst,risk,8,0,8,11.43,No,MEDIUM
data analyst,data science,8,0,8,11.43,No,MEDIUM
data analyst,mathematics,7,0,7,10.0,No,MEDIUM
data analyst,business intelligence,7,0,7,10.0,No,MEDIUM
data analyst,visualization,7,0,7,10.0,No,MEDIUM
data analyst,programming,7,0,7,10.0,No,MEDIUM
data analyst,methodologies,7,0,7,10.0,No,MEDIUM
data analyst,data management,7,0,7,10.0,No,MEDIUM
data analyst,senior data analyst,7,0,7,10.0,No,MEDIUM
data analyst,languages,6,0,6,8.57,No,LOW
data analyst,data analytics,6,0,6,8.57,No,LOW
data analyst,large datasets,6,0,6,8.57,No,LOW
data analyst,datasets,6,0,6,8.57,No,LOW
data analyst,decision-making,6,0,6,8.57,No,LOW
data analyst,cross-functional,6,0,6,8.57,No,LOW
data analyst,subject,5,0,5,7.14,No,LOW
data analyst,data visualization,5,0,5,7.14,No,LOW
data analyst,strategy,5,0,5,7.14,No,LOW
data analyst,data quality,5,0,5,7.14,No,LOW
data analyst,vision,5,0,5,7.14,No,LOW
data analyst,risk management,5,0,5,7.14,No,LOW
data analyst,access,5,0,5,7.14,No,LOW
data analyst,enterprise,5,0,5,7.14,No,LOW
data analyst,quantitative,5,0,5,7.14,No,LOW
data analyst,metrics,5,0,5,7.14,No,LOW
data analyst,strong analytical,5,0,5,7.14,No,LOW
data analyst,technical skills,5,0,5,7.14,No,LOW
data analyst,business analyst,4,0,4,5.71,No,LOW
data analyst,assurance,4,0,4,5.71,No,LOW
data analyst,test,4,0,4,5.71,No,LOW
data analyst,quality assurance,4,0,4,5.71,No,LOW
data analyst,learning,4,0,4,5.71,No,LOW
data analyst,etl,4,0,4,5.71,No,LOW
data analyst,warehousing,4,0,4,5.71,No,LOW
data analyst,qa,4,0,4,5.71,No,LOW
data analyst,automation,4,0,4,5.71,No,LOW
data analyst,agile,4,0,4,5.71,No,LOW
data analyst,data warehousing,4,0,4,5.71,No,LOW
data analyst,governance,4,0,4,5.71,No,LOW
data analyst,usage,4,0,4,5.71,No,LOW
data analyst,flexible,4,0,4,5.71,No,LOW
data analyst,senior analyst,4,0,4,5.71,No,LOW
data analyst,evaluate,4,0,4,5.71,No,LOW
data analyst,modeling,4,0,4,5.71,No,LOW
data analyst,vba,4,0,4,5.71,No,LOW
data analyst,discipline,4,0,4,5.71,No,LOW
data analyst,visualization tools,4,0,4,5.71,No,LOW
data analyst,functions,4,0,4,5.71,No,LOW
data analyst,recommendations,4,0,4,5.71,No,LOW
data analyst,collaborate with cross-functional teams,4,0,4,5.71,No,LOW
data analyst,management systems,4,0,4,5.71,No,LOW
data analyst,clean,3,0,3,4.29,No,LOW
data analyst,hr,3,0,3,4.29,No,LOW
data analyst,collect,3,0,3,4.29,No,LOW
data analyst,efficiency,3,0,3,4.29,No,LOW
data analyst,query,3,0,3,4.29,No,LOW
data analyst,mentorship,3,0,3,4.29,No,LOW
data analyst,data extraction,3,0,3,4.29,No,LOW
data analyst,transformation,3,0,3,4.29,No,LOW
data analyst,data models,3,0,3,4.29,No,LOW
data analyst,trust,3,0,3,4.29,No,LOW
data analyst,extraction,3,0,3,4.29,No,LOW
data analyst,innovation,3,0,3,4.29,No,LOW
data analyst,feedback,3,0,3,4.29,No,LOW
data analyst,quality standards,3,0,3,4.29,No,LOW
data analyst,orientation,3,0,3,4.29,No,LOW
data analyst,partner,3,0,3,4.29,No,LOW
data analyst,information systems,3,0,3,4.29,No,LOW
data analyst,program,3,0,3,4.29,No,LOW
data analyst,data governance,3,0,3,4.29,No,LOW
data analyst,verification,3,0,3,4.29,No,LOW
data analyst,merchant,3,0,3,4.29,No,LOW
data analyst,unit,3,0,3,4.29,No,LOW
data analyst,doctors,3,0,3,4.29,No,LOW
data analyst,physical,3,0,3,4.29,No,LOW
data analyst,use cases,3,0,3,4.29,No,LOW
data analyst,culture,3,0,3,4.29,No,LOW
data analyst,amex,3,0,3,4.29,No,LOW
data analyst,health,3,0,3,4.29,No,LOW
data analyst,usability,3,0,3,4.29,No,LOW
data analyst,product managers,3,0,3,4.29,No,LOW
data analyst,driving,3,0,3,4.29,No,LOW
data analyst,medical,3,0,3,4.29,No,LOW
data analyst,research,3,0,3,4.29,No,LOW
data analyst,enhancements,3,0,3,4.29,No,LOW
data analyst,customer experience,3,0,3,4.29,No,LOW
data analyst,data modeling,3,0,3,4.29,No,LOW
data analyst,measurement,3,0,3,4.29,No,LOW
data analyst,analytical skills,3,0,3,4.29,No,LOW
data analyst,skilled,3,0,3,4.29,No,LOW
data analyst,bi tools,3,0,3,4.29,No,LOW
data analyst,looker,3,0,3,4.29,No,LOW
data analyst,workflows,3,0,3,4.29,No,LOW
data analyst,frameworks,3,0,3,4.29,No,LOW
data analyst,healthcare,3,0,3,4.29,No,LOW
data analyst,zones,3,0,3,4.29,No,LOW
data analyst,validation,3,0,3,4.29,No,LOW
data analyst,vlookup,3,0,3,4.29,No,LOW
data analyst,aws,3,0,3,4.29,No,LOW
data analyst,document,3,0,3,4.29,No,LOW
data analyst,reliability,3,0,3,4.29,No,LOW
data analyst,meet deadlines,3,0,3,4.29,No,LOW
data analyst,data engineering,3,0,3,4.29,No,LOW
data analyst,presentations,3,0,3,4.29,No,LOW
data analyst,data manipulation,3,0,3,4.29,No,LOW
data analyst,finance domain,2,0,2,2.86,No,LOW
data analyst,consistency,2,0,2,2.86,No,LOW
data analyst,statistical analysis,2,0,2,2.86,No,LOW
data analyst,and excel,2,0,2,2.86,No,LOW
data analyst,weekly,2,0,2,2.86,No,LOW
data analyst,hris,2,0,2,2.86,No,LOW
data analyst,migration,2,0,2,2.86,No,LOW
data analyst,engagement,2,0,2,2.86,No,LOW
data analyst,m.tech,2,0,2,2.86,No,LOW
data analyst,business analysis,2,0,2,2.86,No,LOW
data analyst,seamless,2,0,2,2.86,No,LOW
data analyst,consulting,2,0,2,2.86,No,LOW
data analyst,policy,2,0,2,2.86,No,LOW
data analyst,source,2,0,2,2.86,No,LOW
data analyst,regression,2,0,2,2.86,No,LOW
data analyst,b.e,2,0,2,2.86,No,LOW
data analyst,team player,2,0,2,2.86,No,LOW
data analyst,features,2,0,2,2.86,No,LOW
data analyst,excellence,2,0,2,2.86,No,LOW
data analyst,degrees,2,0,2,2.86,No,LOW
data analyst,sponsorship,2,0,2,2.86,No,LOW
data analyst,b.tech,2,0,2,2.86,No,LOW
data analyst,change,2,0,2,2.86,No,LOW
data analyst,snowflake,2,0,2,2.86,No,LOW
data analyst,class,2,0,2,2.86,No,LOW
data analyst,bonus,2,0,2,2.86,No,LOW
data analyst,primary,2,0,2,2.86,No,LOW
data analyst,wellness,2,0,2,2.86,No,LOW
data analyst,mental health,2,0,2,2.86,No,LOW
data analyst,national,2,0,2,2.86,No,LOW
data analyst,ideas,2,0,2,2.86,No,LOW
data analyst,requests,2,0,2,2.86,No,LOW
data analyst,career development,2,0,2,2.86,No,LOW
data analyst,dental,2,0,2,2.86,No,LOW
data analyst,order,2,0,2,2.86,No,LOW
data analyst,counseling,2,0,2,2.86,No,LOW
data analyst,origin,2,0,2,2.86,No,LOW
data analyst,express,2,0,2,2.86,No,LOW
data analyst,incentives,2,0,2,2.86,No,LOW
data analyst,retirement,2,0,2,2.86,No,LOW
data analyst,laws,2,0,2,2.86,No,LOW
data analyst,payment,2,0,2,2.86,No,LOW
data analyst,base,2,0,2,2.86,No,LOW
data analyst,check,2,0,2,2.86,No,LOW
data analyst,back,2,0,2,2.86,No,LOW
data analyst,free,2,0,2,2.86,No,LOW
data analyst,regulations,2,0,2,2.86,No,LOW
data analyst,regulatory,2,0,2,2.86,No,LOW
data analyst,hybrid,2,0,2,2.86,No,LOW
data analyst,remediation,2,0,2,2.86,No,LOW
data analyst,color,2,0,2,2.86,No,LOW
data analyst,leave,2,0,2,2.86,No,LOW
data analyst,american express,2,0,2,2.86,No,LOW
data analyst,life insurance,2,0,2,2.86,No,LOW
data analyst,arrangements,2,0,2,2.86,No,LOW
data analyst,background verification,2,0,2,2.86,No,LOW
data analyst,american,2,0,2,2.86,No,LOW
data analyst,vendor data,2,0,2,2.86,No,LOW
data analyst,journey,2,0,2,2.86,No,LOW
data analyst,influencing,2,0,2,2.86,No,LOW
data analyst,third party,2,0,2,2.86,No,LOW
data analyst,performance metrics,2,0,2,2.86,No,LOW
data analyst,vendors,2,0,2,2.86,No,LOW
data analyst,data strategy,2,0,2,2.86,No,LOW
data analyst,assets,2,0,2,2.86,No,LOW
data analyst,security,2,0,2,2.86,No,LOW
data analyst,digital,2,0,2,2.86,No,LOW
data analyst,challenge,2,0,2,2.86,No,LOW
data analyst,fast,2,0,2,2.86,No,LOW
data analyst,fraud,2,0,2,2.86,No,LOW
data analyst,vendor,2,0,2,2.86,No,LOW
data analyst,project management,2,0,2,2.86,No,LOW
data analyst,methods,2,0,2,2.86,No,LOW
data analyst,credit,2,0,2,2.86,No,LOW
data analyst,data sources,2,0,2,2.86,No,LOW
data analyst,solve,2,0,2,2.86,No,LOW
data analyst,stack,2,0,2,2.86,No,LOW
data analyst,scripting,2,0,2,2.86,No,LOW
data analyst,investment,2,0,2,2.86,No,LOW
data analyst,expert,2,0,2,2.86,No,LOW
data analyst,sql queries,2,0,2,2.86,No,LOW
data analyst,information management,2,0,2,2.86,No,LOW
data analyst,programming languages,2,0,2,2.86,No,LOW
data analyst,hiring process,2,0,2,2.86,No,LOW
data analyst,customer success,2,0,2,2.86,No,LOW
data analyst,kpis,2,0,2,2.86,No,LOW
data analyst,preparation,2,0,2,2.86,No,LOW
data analyst,day shift,2,0,2,2.86,No,LOW
data analyst,automated testing,2,0,2,2.86,No,LOW
data analyst,automated,2,0,2,2.86,No,LOW
data analyst,night shifts,2,0,2,2.86,No,LOW
data analyst,qa tools,2,0,2,2.86,No,LOW
data analyst,testing frameworks,2,0,2,2.86,No,LOW
data analyst,powerpoint,2,0,2,2.86,No,LOW
data analyst,salesforce,2,0,2,2.86,No,LOW
data analyst,payments,2,0,2,2.86,No,LOW
data analyst,financial services,2,0,2,2.86,No,LOW
data analyst,writing,2,0,2,2.86,No,LOW
data analyst,detail-oriented,2,0,2,2.86,No,LOW
data analyst,business administration,2,0,2,2.86,No,LOW
data analyst,databases,2,0,2,2.86,No,LOW
data analyst,presentation,2,0,2,2.86,No,LOW
data analyst,data sets,2,0,2,2.86,No,LOW
data analyst,analysis tools,2,0,2,2.86,No,LOW
data analyst,optimization,2,0,2,2.86,No,LOW
data analyst,data visualization tools,2,0,2,2.86,No,LOW
data analyst,sap,2,0,2,2.86,No,LOW
data analyst,sumif,2,0,2,2.86,No,LOW
data analyst,documents,2,0,2,2.86,No,LOW
data analyst,pivot,2,0,2,2.86,No,LOW
data analyst,business intelligence analyst,2,0,2,2.86,No,LOW
data analyst,clinical,2,0,2,2.86,No,LOW
data analyst,accounting,2,0,2,2.86,No,LOW
data analyst,cash,2,0,2,2.86,No,LOW
data analyst,commerce,2,0,2,2.86,No,LOW
data analyst,informatica,2,0,2,2.86,No,LOW
data analyst,rules,2,0,2,2.86,No,LOW
data analyst,business analytics,2,0,2,2.86,No,LOW
data analyst,alteryx,2,0,2,2.86,No,LOW
data analyst,quality analyst,2,0,2,2.86,No,LOW
data analyst,availability,2,0,2,2.86,No,LOW
data analyst,prioritize,2,0,2,2.86,No,LOW
data analyst,title,2,0,2,2.86,No,LOW
data analyst,industry standards,2,0,2,2.86,No,LOW
data analyst,solution,2,0,2,2.86,No,LOW
data analyst,hadoop,2,0,2,2.86,No,LOW
data analyst,software development,2,0,2,2.86,No,LOW
data analyst,process improvements,2,0,2,2.86,No,LOW
data analyst,database management,2,0,2,2.86,No,LOW
data analyst,database,2,0,2,2.86,No,LOW
data analyst,processing,2,0,2,2.86,No,LOW
data analyst,university,2,0,2,2.86,No,LOW
data analyst,cleaning,2,0,2,2.86,No,LOW
data analyst,inform,2,0,2,2.86,No,LOW
data analyst,algorithms,2,0,2,2.86,No,LOW
data analyst,machine,2,0,2,2.86,No,LOW
data analyst,engineers,2,0,2,2.86,No,LOW
data analyst,visualizations,2,0,2,2.86,No,LOW
data analyst,technical knowledge,1,0,1,1.43,No,LOW
data analyst,figma,1,0,1,1.43,No,LOW
data analyst,visio,1,0,1,1.43,No,LOW
data analyst,design tools,1,0,1,1.43,No,LOW
data analyst,requirement analysis,1,0,1,1.43,No,LOW
data analyst,elicitation,1,0,1,1.43,No,LOW
data analyst,ms.net,1,0,1,1.43,No,LOW
data analyst,client reporting,1,0,1,1.43,No,LOW
data analyst,excel dashboards,1,0,1,1.43,No,LOW
data analyst,hr analyst,1,0,1,1.43,No,LOW
data analyst,hr dashboards,1,0,1,1.43,No,LOW
data analyst,payroll,1,0,1,1.43,No,LOW
data analyst,ahmedabad,1,0,1,1.43,No,LOW
data analyst,testing and quality assurance,1,0,1,1.43,No,LOW
data analyst,scripts,1,0,1,1.43,No,LOW
data analyst,analytical thinking,1,0,1,1.43,No,LOW
data analyst,p&c insurance,1,0,1,1.43,No,LOW
data analyst,c insurance,1,0,1,1.43,No,LOW
data analyst,willingness to learn,1,0,1,1.43,No,LOW
data analyst,business applications,1,0,1,1.43,No,LOW
data analyst,visa,1,0,1,1.43,No,LOW
data analyst,job posting,1,0,1,1.43,No,LOW
data analyst,automation testing,1,0,1,1.43,No,LOW
data analyst,personal,1,0,1,1.43,No,LOW
data analyst,guidewire testing,1,0,1,1.43,No,LOW
data analyst,quality analysis,1,0,1,1.43,No,LOW
data analyst,data model,1,0,1,1.43,No,LOW
data analyst,delivery excellence,1,0,1,1.43,No,LOW
data analyst,report,1,0,1,1.43,No,LOW
data analyst,ethnic,1,0,1,1.43,No,LOW
data analyst,p&c,1,0,1,1.43,No,LOW
data analyst,configuration,1,0,1,1.43,No,LOW
data analyst,handover,1,0,1,1.43,No,LOW
data analyst,line,1,0,1,1.43,No,LOW
data analyst,profiling,1,0,1,1.43,No,LOW
data analyst,data conversion,1,0,1,1.43,No,LOW
data analyst,functional testing,1,0,1,1.43,No,LOW
data analyst,gap analysis,1,0,1,1.43,No,LOW
data analyst,listening,1,0,1,1.43,No,LOW
data analyst,active listening,1,0,1,1.43,No,LOW
data analyst,quality assurance testing,1,0,1,1.43,No,LOW
data analyst,posting,1,0,1,1.43,No,LOW
data analyst,agility,1,0,1,1.43,No,LOW
data analyst,claimcenter,1,0,1,1.43,No,LOW
data analyst,tolerance,1,0,1,1.43,No,LOW
data analyst,etl tool,1,0,1,1.43,No,LOW
data analyst,claims management,1,0,1,1.43,No,LOW
data analyst,data migration,1,0,1,1.43,No,LOW
data analyst,advisory,1,0,1,1.43,No,LOW
data analyst,data hub,1,0,1,1.43,No,LOW
data analyst,operational efficiency,1,0,1,1.43,No,LOW
data analyst,drives,1,0,1,1.43,No,LOW
data analyst,guidewire integration,1,0,1,1.43,No,LOW
data analyst,claims,1,0,1,1.43,No,LOW
data analyst,government,1,0,1,1.43,No,LOW
data analyst,technical documentation,1,0,1,1.43,No,LOW
data analyst,iics,1,0,1,1.43,No,LOW
data analyst,scrum,1,0,1,1.43,No,LOW
data analyst,policy administration,1,0,1,1.43,No,LOW
data analyst,user stories,1,0,1,1.43,No,LOW
data analyst,billing,1,0,1,1.43,No,LOW
data analyst,regression testing,1,0,1,1.43,No,LOW
data analyst,guidewire,1,0,1,1.43,No,LOW
data analyst,insurance domain,1,0,1,1.43,No,LOW
data analyst,senior associate,1,0,1,1.43,No,LOW
data analyst,subject matter,1,0,1,1.43,No,LOW
data analyst,cloud platforms,1,0,1,1.43,No,LOW
data analyst,data profiling,1,0,1,1.43,No,LOW
data analyst,technology consulting,1,0,1,1.43,No,LOW
data analyst,data mapping,1,0,1,1.43,No,LOW
data analyst,agile principles,1,0,1,1.43,No,LOW
data analyst,policycenter,1,0,1,1.43,No,LOW
data analyst,creativity,1,0,1,1.43,No,LOW
data analyst,mapping,1,0,1,1.43,No,LOW
data analyst,empathy,1,0,1,1.43,No,LOW
data analyst,software solutions,1,0,1,1.43,No,LOW
data analyst,compliance management,1,0,1,1.43,No,LOW
data analyst,data intelligence,1,0,1,1.43,No,LOW
data analyst,network services,1,0,1,1.43,No,LOW
data analyst,resolving,1,0,1,1.43,No,LOW
data analyst,global strategy,1,0,1,1.43,No,LOW
data analyst,network,1,0,1,1.43,No,LOW
data analyst,quality monitoring,1,0,1,1.43,No,LOW
data analyst,management professional,1,0,1,1.43,No,LOW
data analyst,classification,1,0,1,1.43,No,LOW
data analyst,shared,1,0,1,1.43,No,LOW
data analyst,and testing,1,0,1,1.43,No,LOW
data analyst,audit,1,0,1,1.43,No,LOW
data analyst,data classification,1,0,1,1.43,No,LOW
data analyst,operating,1,0,1,1.43,No,LOW
data analyst,communications,1,0,1,1.43,No,LOW
data analyst,downstream,1,0,1,1.43,No,LOW
data analyst,roadmap,1,0,1,1.43,No,LOW
data analyst,incident management,1,0,1,1.43,No,LOW
data analyst,sr analyst,1,0,1,1.43,No,LOW
data analyst,upstream,1,0,1,1.43,No,LOW
data analyst,programming language,1,0,1,1.43,No,LOW
data analyst,safe,1,0,1,1.43,No,LOW
data analyst,premium,1,0,1,1.43,No,LOW
data analyst,history,1,0,1,1.43,No,LOW
data analyst,voice,1,0,1,1.43,No,LOW
data analyst,enterprise data management,1,0,1,1.43,No,LOW
data analyst,steward,1,0,1,1.43,No,LOW
data analyst,welcome,1,0,1,1.43,No,LOW
data analyst,current,1,0,1,1.43,No,LOW
data analyst,incident,1,0,1,1.43,No,LOW
data analyst,platform expertise,1,0,1,1.43,No,LOW
data analyst,communications skills,1,0,1,1.43,No,LOW
data analyst,dedicated,1,0,1,1.43,No,LOW
data analyst,controls,1,0,1,1.43,No,LOW
data analyst,collibra,1,0,1,1.43,No,LOW
data analyst,sourcing,1,0,1,1.43,No,LOW
data analyst,exploration,1,0,1,1.43,No,LOW
data analyst,contracts,1,0,1,1.43,No,LOW
data analyst,negotiate,1,0,1,1.43,No,LOW
data analyst,conducting,1,0,1,1.43,No,LOW
data analyst,fortify,1,0,1,1.43,No,LOW
data analyst,work orders,1,0,1,1.43,No,LOW
data analyst,gen ai,1,0,1,1.43,No,LOW
data analyst,exit,1,0,1,1.43,No,LOW
data analyst,contract,1,0,1,1.43,No,LOW
data analyst,change management,1,0,1,1.43,No,LOW
data analyst,customer management,1,0,1,1.43,No,LOW
data analyst,data handling,1,0,1,1.43,No,LOW
data analyst,service level,1,0,1,1.43,No,LOW
data analyst,supply,1,0,1,1.43,No,LOW
data analyst,operational risk,1,0,1,1.43,No,LOW
data analyst,problem-solving skills,1,0,1,1.43,No,LOW
data analyst,events,1,0,1,1.43,No,LOW
data analyst,agreements,1,0,1,1.43,No,LOW
data analyst,innovative,1,0,1,1.43,No,LOW
data analyst,channel,1,0,1,1.43,No,LOW
data analyst,accountability,1,0,1,1.43,No,LOW
data analyst,foundation,1,0,1,1.43,No,LOW
data analyst,operational excellence,1,0,1,1.43,No,LOW
data analyst,biometrics,1,0,1,1.43,No,LOW
data analyst,institute,1,0,1,1.43,No,LOW
data analyst,credit bureau,1,0,1,1.43,No,LOW
data analyst,data mining,1,0,1,1.43,No,LOW
data analyst,controllership,1,0,1,1.43,No,LOW
data analyst,prevention,1,0,1,1.43,No,LOW
data analyst,pricing,1,0,1,1.43,No,LOW
data analyst,vendor onboarding,1,0,1,1.43,No,LOW
data analyst,mining,1,0,1,1.43,No,LOW
data analyst,onboarding,1,0,1,1.43,No,LOW
data analyst,multiple projects,1,0,1,1.43,No,LOW
data analyst,supply management,1,0,1,1.43,No,LOW
data analyst,process improvement,1,0,1,1.43,No,LOW
data analyst,customer lifecycle,1,0,1,1.43,No,LOW
data analyst,quantitative techniques,1,0,1,1.43,No,LOW
data analyst,service level agreements,1,0,1,1.43,No,LOW
data analyst,fraud risk management,1,0,1,1.43,No,LOW
data analyst,procurement,1,0,1,1.43,No,LOW
data analyst,collection,1,0,1,1.43,No,LOW
data analyst,prospecting,1,0,1,1.43,No,LOW
data analyst,control management,1,0,1,1.43,No,LOW
data analyst,solid,1,0,1,1.43,No,LOW
data analyst,full-stack development,1,0,1,1.43,No,LOW
data analyst,stack development,1,0,1,1.43,No,LOW
data analyst,ai / ml,1,0,1,1.43,No,LOW
data analyst,unstructured data,1,0,1,1.43,No,LOW
data analyst,scripting languages,1,0,1,1.43,No,LOW
data analyst,process automation,1,0,1,1.43,No,LOW
data analyst,risk analysis,1,0,1,1.43,No,LOW
data analyst,interest,1,0,1,1.43,No,LOW
data analyst,fixed income products,1,0,1,1.43,No,LOW
data analyst,fluent,1,0,1,1.43,No,LOW
data analyst,fixed income,1,0,1,1.43,No,LOW
data analyst,equity,1,0,1,1.43,No,LOW
data analyst,treatment,1,0,1,1.43,No,LOW
data analyst,nutrition,1,0,1,1.43,No,LOW
data analyst,vba macros,1,0,1,1.43,No,LOW
data analyst,macros,1,0,1,1.43,No,LOW
data analyst,assistant manager,1,0,1,1.43,No,LOW
data analyst,physics,1,0,1,1.43,No,LOW
data analyst,analyst ii,1,0,1,1.43,No,LOW
data analyst,data preparation,1,0,1,1.43,No,LOW
data analyst,rfps,1,0,1,1.43,No,LOW
data analyst,product analyst,1,0,1,1.43,No,LOW
data analyst,tracking,1,0,1,1.43,No,LOW
data analyst,looker studio,1,0,1,1.43,No,LOW
data analyst,saas,1,0,1,1.43,No,LOW
data analyst,rfis,1,0,1,1.43,No,LOW
data analyst,ensuring accuracy,1,0,1,1.43,No,LOW
data analyst,gainsight,1,0,1,1.43,No,LOW
data analyst,mixpanel,1,0,1,1.43,No,LOW
data analyst,response,1,0,1,1.43,No,LOW
data analyst,experimentation,1,0,1,1.43,No,LOW
data analyst,storytelling,1,0,1,1.43,No,LOW
data analyst,continuous improvement,1,0,1,1.43,No,LOW
data analyst,structure,1,0,1,1.43,No,LOW
data analyst,customer journey,1,0,1,1.43,No,LOW
data analyst,studio,1,0,1,1.43,No,LOW
data analyst,exchange,1,0,1,1.43,No,LOW
data analyst,coimbatore,1,0,1,1.43,No,LOW
data analyst,product analytics,1,0,1,1.43,No,LOW
data analyst,stakeholder collaboration,1,0,1,1.43,No,LOW
data analyst,product strategy,1,0,1,1.43,No,LOW
data analyst,direction,1,0,1,1.43,No,LOW
data analyst,scale,1,0,1,1.43,No,LOW
data analyst,amplitude,1,0,1,1.43,No,LOW
data analyst,major,1,0,1,1.43,No,LOW
data analyst,etl workflows,1,0,1,1.43,No,LOW
data analyst,data insights,1,0,1,1.43,No,LOW
data analyst,enterprises,1,0,1,1.43,No,LOW
data analyst,grads,1,0,1,1.43,No,LOW
data analyst,product engineering,1,0,1,1.43,No,LOW
data analyst,native,1,0,1,1.43,No,LOW
data analyst,data operation,1,0,1,1.43,No,LOW
data analyst,informatics,1,0,1,1.43,No,LOW
data analyst,microsoft office suite,1,0,1,1.43,No,LOW
data analyst,word,1,0,1,1.43,No,LOW
data analyst,microsoft office,1,0,1,1.43,No,LOW
data analyst,sharepoint,1,0,1,1.43,No,LOW
data analyst,setting,1,0,1,1.43,No,LOW
data analyst,scratch,1,0,1,1.43,No,LOW
data analyst,fintech,1,0,1,1.43,No,LOW
data analyst,qa engineer,1,0,1,1.43,No,LOW
data analyst,data accuracy,1,0,1,1.43,No,LOW
data analyst,query writing,1,0,1,1.43,No,LOW
data analyst,proactive,1,0,1,1.43,No,LOW
data analyst,organizational skills,1,0,1,1.43,No,LOW
data analyst,model validation,1,0,1,1.43,No,LOW
data analyst,credit risk,1,0,1,1.43,No,LOW
data analyst,agency,1,0,1,1.43,No,LOW
data analyst,brand,1,0,1,1.43,No,LOW
data analyst,wise,1,0,1,1.43,No,LOW
data analyst,compile,1,0,1,1.43,No,LOW
data analyst,signage,1,0,1,1.43,No,LOW
data analyst,tableau/power bi,1,0,1,1.43,No,LOW
data analyst,ai data,1,0,1,1.43,No,LOW
data analyst,telephony,1,0,1,1.43,No,LOW
data analyst,ai usage metrics,1,0,1,1.43,No,LOW
data analyst,statistical modelling,1,0,1,1.43,No,LOW
data analyst,presentation skills,1,0,1,1.43,No,LOW
data analyst,modelling,1,0,1,1.43,No,LOW
data analyst,nice,1,0,1,1.43,No,LOW
data analyst,desktop,1,0,1,1.43,No,LOW
data analyst,electron,1,0,1,1.43,No,LOW
data analyst,bengaluru,1,0,1,1.43,No,LOW
data analyst,placement,1,0,1,1.43,No,LOW
data analyst,academic,1,0,1,1.43,No,LOW
data analyst,data operations,1,0,1,1.43,No,LOW
data analyst,operations analyst,1,0,1,1.43,No,LOW
data analyst,workday,1,0,1,1.43,No,LOW
data analyst,successfactors,1,0,1,1.43,No,LOW
data analyst,and analytical skills,1,0,1,1.43,No,LOW
data analyst,hcm systems,1,0,1,1.43,No,LOW
data analyst,hcm,1,0,1,1.43,No,LOW
data analyst,contractor,1,0,1,1.43,No,LOW
data analyst,financial products,1,0,1,1.43,No,LOW
data analyst,market data,1,0,1,1.43,No,LOW
data analyst,impact analysis,1,0,1,1.43,No,LOW
data analyst,commercial,1,0,1,1.43,No,LOW
data analyst,technical communication,1,0,1,1.43,No,LOW
data analyst,technical writing,1,0,1,1.43,No,LOW
data analyst,hlookup,1,0,1,1.43,No,LOW
data analyst,bi tool,1,0,1,1.43,No,LOW
data analyst,hr data analyst,1,0,1,1.43,No,LOW
data analyst,place,1,0,1,1.43,No,LOW
data analyst,mis preparation,1,0,1,1.43,No,LOW
data analyst,business requirements,1,0,1,1.43,No,LOW
data analyst,work management,1,0,1,1.43,No,LOW
data analyst,it business analyst,1,0,1,1.43,No,LOW
data analyst,information technology,1,0,1,1.43,No,LOW
data analyst,cmms,1,0,1,1.43,No,LOW
data analyst,erp systems,1,0,1,1.43,No,LOW
data analyst,maintenance management,1,0,1,1.43,No,LOW
data analyst,erp,1,0,1,1.43,No,LOW
data analyst,coding,1,0,1,1.43,No,LOW
data analyst,statistical software,1,0,1,1.43,No,LOW
data analyst,spss,1,0,1,1.43,No,LOW
data analyst,clinical trials,1,0,1,1.43,No,LOW
data analyst,trials,1,0,1,1.43,No,LOW
data analyst,medical coding,1,0,1,1.43,No,LOW
data analyst,medical data analyst,1,0,1,1.43,No,LOW
data analyst,sales cloud,1,0,1,1.43,No,LOW
data analyst,salesforce sales cloud,1,0,1,1.43,No,LOW
data analyst,order to cash,1,0,1,1.43,No,LOW
data analyst,e-commerce,1,0,1,1.43,No,LOW
data analyst,api,1,0,1,1.43,No,LOW
data analyst,data analyst lead,1,0,1,1.43,No,LOW
data analyst,api integration,1,0,1,1.43,No,LOW
data analyst,stewardship,1,0,1,1.43,No,LOW
data analyst,informatica mdm,1,0,1,1.43,No,LOW
data analyst,stakeholder management,1,0,1,1.43,No,LOW
data analyst,feeding,1,0,1,1.43,No,LOW
data analyst,immediate joiners,1,0,1,1.43,No,LOW
data analyst,data stewardship,1,0,1,1.43,No,LOW
data analyst,analytical & problem-solving,1,0,1,1.43,No,LOW
data analyst,team leader,1,0,1,1.43,No,LOW
data analyst,contractual,1,0,1,1.43,No,LOW
data analyst,legal,1,0,1,1.43,No,LOW
data analyst,user experience,1,0,1,1.43,No,LOW
data analyst,access management,1,0,1,1.43,No,LOW
data analyst,foreclosure,1,0,1,1.43,No,LOW
data analyst,data maintenance,1,0,1,1.43,No,LOW
data analyst,business rules,1,0,1,1.43,No,LOW
data analyst,sale,1,0,1,1.43,No,LOW
data analyst,repair,1,0,1,1.43,No,LOW
data analyst,court cases,1,0,1,1.43,No,LOW
data analyst,strong verbal and written communication,1,0,1,1.43,No,LOW
data analyst,organized,1,0,1,1.43,No,LOW
data analyst,case,1,0,1,1.43,No,LOW
data analyst,quality control,1,0,1,1.43,No,LOW
data analyst,basic computer skills,1,0,1,1.43,No,LOW
data analyst,verbal and written,1,0,1,1.43,No,LOW
data analyst,basic computer,1,0,1,1.43,No,LOW
data analyst,real estate,1,0,1,1.43,No,LOW
data analyst,deed,1,0,1,1.43,No,LOW
data analyst,estate,1,0,1,1.43,No,LOW
data analyst,content,1,0,1,1.43,No,LOW
data analyst,computer skills,1,0,1,1.43,No,LOW
data analyst,ms office suite,1,0,1,1.43,No,LOW
data analyst,verbal and written communication,1,0,1,1.43,No,LOW
data analyst,mortgage,1,0,1,1.43,No,LOW
data analyst,resource,1,0,1,1.43,No,LOW
data analyst,play,1,0,1,1.43,No,LOW
data analyst,business insights,1,0,1,1.43,No,LOW
data analyst,graduates,1,0,1,1.43,No,LOW
data analyst,appraisal,1,0,1,1.43,No,LOW
data analyst,rating,1,0,1,1.43,No,LOW
data analyst,survey,1,0,1,1.43,No,LOW
data analyst,aws s3,1,0,1,1.43,No,LOW
data analyst,bug fixing,1,0,1,1.43,No,LOW
data analyst,performance testing,1,0,1,1.43,No,LOW
data analyst,software development lifecycle,1,0,1,1.43,No,LOW
data analyst,troubleshooting,1,0,1,1.43,No,LOW
data analyst,components,1,0,1,1.43,No,LOW
data analyst,english language,1,0,1,1.43,No,LOW
data analyst,scheduling tools,1,0,1,1.43,No,LOW
data analyst,unix,1,0,1,1.43,No,LOW
data analyst,sqoop,1,0,1,1.43,No,LOW
data analyst,unix shell scripting,1,0,1,1.43,No,LOW
data analyst,scalable,1,0,1,1.43,No,LOW
data analyst,control-m,1,0,1,1.43,No,LOW
data analyst,designing and developing,1,0,1,1.43,No,LOW
data analyst,athena,1,0,1,1.43,No,LOW
data analyst,problem solving,1,0,1,1.43,No,LOW
data analyst,autosys,1,0,1,1.43,No,LOW
data analyst,application development,1,0,1,1.43,No,LOW
data analyst,shell,1,0,1,1.43,No,LOW
data analyst,oracle,1,0,1,1.43,No,LOW
data analyst,supervision,1,0,1,1.43,No,LOW
data analyst,tivoli,1,0,1,1.43,No,LOW
data analyst,volume,1,0,1,1.43,No,LOW
data analyst,interpersonal communication,1,0,1,1.43,No,LOW
data analyst,scheduling,1,0,1,1.43,No,LOW
data analyst,grade,1,0,1,1.43,No,LOW
data analyst,shell scripting,1,0,1,1.43,No,LOW
data analyst,unix shell,1,0,1,1.43,No,LOW
data analyst,interpersonal communication skills,1,0,1,1.43,No,LOW
data analyst,plsql,1,0,1,1.43,No,LOW
data analyst,aws cloud,1,0,1,1.43,No,LOW
data analyst,specifications,1,0,1,1.43,No,LOW
data analyst,command,1,0,1,1.43,No,LOW
data analyst,cost,1,0,1,1.43,No,LOW
data analyst,cost savings,1,0,1,1.43,No,LOW
data analyst,lead analyst,1,0,1,1.43,No,LOW
data analyst,engineering lead,1,0,1,1.43,No,LOW
data analyst,lease,1,0,1,1.43,No,LOW
data analyst,google,1,0,1,1.43,No,LOW
data analyst,business intelligence tools,1,0,1,1.43,No,LOW
data analyst,google sheets,1,0,1,1.43,No,LOW
data analyst,derivatives,1,0,1,1.43,No,LOW
data analyst,corporate actions,1,0,1,1.43,No,LOW
data analyst,corporate,1,0,1,1.43,No,LOW
data analyst,investment operations,1,0,1,1.43,No,LOW
data analyst,reuters,1,0,1,1.43,No,LOW
data analyst,bloomberg,1,0,1,1.43,No,LOW
data analyst,bonds,1,0,1,1.43,No,LOW
data analyst,cash management,1,0,1,1.43,No,LOW
data analyst,charles,1,0,1,1.43,No,LOW
data analyst,investment management,1,0,1,1.43,No,LOW
data analyst,trading,1,0,1,1.43,No,LOW
data analyst,trade processing,1,0,1,1.43,No,LOW
data analyst,investment products,1,0,1,1.43,No,LOW
data analyst,internal policies,1,0,1,1.43,No,LOW
data analyst,reporting and analytics,1,0,1,1.43,No,LOW
data analyst,regulatory requirements,1,0,1,1.43,No,LOW
data analyst,portfolio accounting,1,0,1,1.43,No,LOW
data analyst,equities,1,0,1,1.43,No,LOW
data analyst,portfolio management,1,0,1,1.43,No,LOW
data analyst,e/m,1,0,1,1.43,No,LOW
data analyst,trade settlements,1,0,1,1.43,No,LOW
data analyst,settlements,1,0,1,1.43,No,LOW
data analyst,charles river,1,0,1,1.43,No,LOW
data analyst,productivity,1,0,1,1.43,No,LOW
data analyst,portfolio,1,0,1,1.43,No,LOW
data analyst,investment performance reporting,1,0,1,1.43,No,LOW
data analyst,custodian,1,0,1,1.43,No,LOW
data analyst,performance reporting,1,0,1,1.43,No,LOW
data analyst,industry trends,1,0,1,1.43,No,LOW
data analyst,investment performance,1,0,1,1.43,No,LOW
data analyst,factset,1,0,1,1.43,No,LOW
data analyst,ops manager,1,0,1,1.43,No,LOW
data analyst,performance measurement,1,0,1,1.43,No,LOW
data analyst,trade,1,0,1,1.43,No,LOW
data analyst,data wrangling,1,0,1,1.43,No,LOW
data analyst,btech,1,0,1,1.43,No,LOW
data analyst,and alteryx,1,0,1,1.43,No,LOW
data analyst,pipelines,1,0,1,1.43,No,LOW
data analyst,data factory,1,0,1,1.43,No,LOW
data analyst,collaboration skills,1,0,1,1.43,No,LOW
data analyst,stakeholder engagement,1,0,1,1.43,No,LOW
data analyst,development and deployment,1,0,1,1.43,No,LOW
data analyst,apache,1,0,1,1.43,No,LOW
data analyst,azure data factory,1,0,1,1.43,No,LOW
data analyst,talend,1,0,1,1.43,No,LOW
data analyst,engineering tools,1,0,1,1.43,No,LOW
data analyst,azure,1,0,1,1.43,No,LOW
data analyst,integration tools,1,0,1,1.43,No,LOW
data analyst,techno,1,0,1,1.43,No,LOW
data analyst,data integration tools,1,0,1,1.43,No,LOW
data analyst,data management and analysis,1,0,1,1.43,No,LOW
data analyst,impala,1,0,1,1.43,No,LOW
data analyst,model development,1,0,1,1.43,No,LOW
data analyst,advanced sql,1,0,1,1.43,No,LOW
data analyst,cross-functional collaboration,1,0,1,1.43,No,LOW
data analyst,big data,1,0,1,1.43,No,LOW
data analyst,machine learning algorithms,1,0,1,1.43,No,LOW
data analyst,factory,1,0,1,1.43,No,LOW
data analyst,advanced analytics,1,0,1,1.43,No,LOW
data analyst,pipeline,1,0,1,1.43,No,LOW
data analyst,accessibility,1,0,1,1.43,No,LOW
data analyst,deployment,1,0,1,1.43,No,LOW
data analyst,internal teams,1,0,1,1.43,No,LOW
data analyst,pre-sales,1,0,1,1.43,No,LOW
data analyst,customer engagement,1,0,1,1.43,No,LOW
data analyst,ai/ml,1,0,1,1.43,No,LOW
data analyst,pyspark,1,0,1,1.43,No,LOW
data analyst,techno-functional,1,0,1,1.43,No,LOW
data analyst,pentaho,1,0,1,1.43,No,LOW
data analyst,data pipelines,1,0,1,1.43,No,LOW
data analyst,balance,1,0,1,1.43,No,LOW
data analyst,data processing,1,0,1,1.43,No,LOW
data analyst,ssis,1,0,1,1.43,No,LOW
data analyst,big data analytics,1,0,1,1.43,No,LOW
data analyst,data integration,1,0,1,1.43,No,LOW
data analyst,solution development,1,0,1,1.43,No,LOW
data analyst,apache nifi,1,0,1,1.43,No,LOW
data analyst,azure data,1,0,1,1.43,No,LOW
data analyst,github,1,0,1,1.43,No,LOW
data analyst,gitlab,1,0,1,1.43,No,LOW
data analyst,git,1,0,1,1.43,No,LOW
data analyst,statistical analyses,1,0,1,1.43,No,LOW
data analyst,data warehousing concepts,1,0,1,1.43,No,LOW
data analyst,predictive analytics,1,0,1,1.43,No,LOW
data analyst,predictive,1,0,1,1.43,No,LOW
data analyst,skill development,1,0,1,1.43,No,LOW
data analyst,libraries,1,0,1,1.43,No,LOW
data analyst,design and implement,1,0,1,1.43,No,LOW
data analyst,power bi developer,1,0,1,1.43,No,LOW
data analyst,architecting,1,0,1,1.43,No,LOW
data analyst,bi development,1,0,1,1.43,No,LOW
data analyst,power bi development,1,0,1,1.43,No,LOW
data analyst,bi developer,1,0,1,1.43,No,LOW
data analyst,kpi,1,0,1,1.43,No,LOW
data analyst,reconcilation,1,0,1,1.43,No,LOW
data analyst,clinical data management,1,0,1,1.43,No,LOW
data analyst,internship,1,0,1,1.43,No,LOW
data analyst,pharma,1,0,1,1.43,No,LOW
data analyst,close out,1,0,1,1.43,No,LOW
data analyst,assessment,1,0,1,1.43,No,LOW
data analyst,annotation,1,0,1,1.43,No,LOW
data analyst,clinical data,1,0,1,1.43,No,LOW
data analyst,clinical assessment,1,0,1,1.43,No,LOW
data analyst,startup,1,0,1,1.43,No,LOW
data analyst,pivot tables,1,0,1,1.43,No,LOW
data analyst,sharing,1,0,1,1.43,No,LOW
data analyst,safety,1,0,1,1.43,No,LOW
data analyst,risk analytics,1,0,1,1.43,No,LOW
data analyst,remote,1,0,1,1.43,No,LOW
data analyst,bigquery,1,0,1,1.43,No,LOW
data analyst,data workflows,1,0,1,1.43,No,LOW
data analyst,data visualizations,1,0,1,1.43,No,LOW
data analyst,reporting dashboards,1,0,1,1.43,No,LOW
data analyst,marketplace,1,0,1,1.43,No,LOW
data analyst,fraud detection,1,0,1,1.43,No,LOW
data analyst,trust & safety,1,0,1,1.43,No,LOW
data analyst,tables,1,0,1,1.43,No,LOW
data analyst,knowledge sharing,1,0,1,1.43,No,LOW
data analyst,marketplace operations,1,0,1,1.43,No,LOW
data analyst,root cause,1,0,1,1.43,No,LOW
data analyst,black belt,1,0,1,1.43,No,LOW
data analyst,sigma,1,0,1,1.43,No,LOW
data analyst,green belt,1,0,1,1.43,No,LOW
data analyst,quality management systems,1,0,1,1.43,No,LOW
data analyst,root cause analysis,1,0,1,1.43,No,LOW
data analyst,statistical process control,1,0,1,1.43,No,LOW
data analyst,jira,1,0,1,1.43,No,LOW
data analyst,methodology,1,0,1,1.43,No,LOW
data analyst,six sigma green belt,1,0,1,1.43,No,LOW
data analyst,cmmi,1,0,1,1.43,No,LOW
data analyst,six sigma,1,0,1,1.43,No,LOW
data analyst,awareness,1,0,1,1.43,No,LOW
data analyst,itil,1,0,1,1.43,No,LOW
data analyst,status reports,1,0,1,1.43,No,LOW
data analyst,trainings,1,0,1,1.43,No,LOW
data analyst,audits,1,0,1,1.43,No,LOW
data analyst,quality management,1,0,1,1.43,No,LOW
data analyst,agile methodologies,1,0,1,1.43,No,LOW
data analyst,dashboard,1,0,1,1.43,No,LOW
data analyst,consultancy,1,0,1,1.43,No,LOW
data analyst,secondary,1,0,1,1.43,No,LOW
data analyst,process control,1,0,1,1.43,No,LOW
data analyst,green,1,0,1,1.43,No,LOW
data analyst,analysts,1,0,1,1.43,No,LOW
data analyst,data platform,1,0,1,1.43,No,LOW
data analyst,creative,1,0,1,1.43,No,LOW
data analyst,alignment,1,0,1,1.43,No,LOW
data analyst,management skills,1,0,1,1.43,No,LOW
data analyst,project management skills,1,0,1,1.43,No,LOW
data analyst,creative solutions,1,0,1,1.43,No,LOW
data analyst,requirements gathering,1,0,1,1.43,No,LOW
data analyst,fulfillment,1,0,1,1.43,No,LOW
data analyst,ecommerce,1,0,1,1.43,No,LOW
data analyst,implementing,1,0,1,1.43,No,LOW
data analyst,timing,1,0,1,1.43,No,LOW
data analyst,analytical mindset,1,0,1,1.43,No,LOW
data analyst,new projects,1,0,1,1.43,No,LOW
data analyst,bi reporting,1,0,1,1.43,No,LOW
data analyst,python,24,24,0,34.29,Yes,ALREADY HAVE
data analyst,sql,21,21,0,30.0,Yes,ALREADY HAVE
data analyst,data analysis,17,17,0,24.29,Yes,ALREADY HAVE
data analyst,statistics,15,15,0,21.43,Yes,ALREADY HAVE
data analyst,excel,14,14,0,20.0,Yes,ALREADY HAVE
data analyst,power bi,11,11,0,15.71,Yes,ALREADY HAVE
data analyst,pandas,2,2,0,2.86,Yes,ALREADY HAVE
data analyst,machine learning,2,2,0,2.86,Yes,ALREADY HAVE
data analyst,numpy,2,2,0,2.86,Yes,ALREADY HAVE
