recommendation_rank,job_id,job_title,total_job_skills,matching_skills,missing_skills,matching_skill_count,missing_skill_count,job_match_percentage,skill_gap_percentage
1,11025015649,Data Analyst,6,data analysis | python | statistics,data analyst | mathematics | statistical analysis,3,3,50.0,50.0
2,11025009866,Data Analyst,4,python | sql,data analyst | finance domain,2,2,50.0,50.0
3,11025016244,Lead Data Analyst (Power BI),4,power bi | python,bi | data analyst,2,2,50.0,50.0
4,31025003124,Data Analyst,4,python | sql,data analyst | finance domain,2,2,50.0,50.0
5,11025012046,Administrative Staff,2,excel,staff,1,1,50.0,50.0
6,11025503931,Power BI Professional,2,power bi,bi,1,1,50.0,50.0
7,31025002351,Business Analyst,2,statistics,business analyst,1,1,50.0,50.0
8,31025019028,GIS Developer - Python,2,python,programming,1,1,50.0,50.0
9,31025501677,Orthodontist,2,excel,teamwork,1,1,50.0,50.0
10,11025502500,Python-Data Analyst-BF,9,data analysis | python | sql | statistics,data analyst | data science | languages | programming | programming languages,4,5,44.44,55.56
11,11025016347,Immediate Hiring |15+ yrs - Data Architect - Mumbai/Bangalore location,5,python | sql,azure | data architect | databricks,2,3,40.0,60.0
12,31025908923,Senior Associate - Fulfilment & Experience,5,excel | sql,fulfillment | innovative | senior associate,2,3,40.0,60.0
13,31025912440,Senior Associate - Fulfilment & Experience,5,excel | sql,fulfillment | innovative | senior associate,2,3,40.0,60.0
14,11025016666,Category Manager | Operations | Instahelp | Pune,8,excel | power bi | sql,bi | category manager | partner | tableau | tableau/power bi,3,5,37.5,62.5
15,11025502436,Payments Professional,12,data analysis | python | sql | statistics,discipline | languages | mathematics | payments | programming | programming languages | quantitative | statistical software,4,8,33.33,66.67
16,11025501124,Analyst - Data Analytics,9,python | sql | statistics,amex | analytics | data analytics | economics | mathematics | solid,3,6,33.33,66.67
17,30825005519,Etl Tester,6,python | sql,etl | place | selenium | tester,2,4,33.33,66.67
18,31025009331,Power Bi Developer,6,power bi | sql,bi | bi developer | logical | power bi developer,2,4,33.33,66.67
19,31025501535,Senior Data Analyst,6,data analysis | statistics,data analyst | discipline | information management | senior data analyst,2,4,33.33,66.67
20,31025910480,Senior Associate - Fulfilment & Experience,6,excel | sql,fulfillment | order | senior associate | supplier,2,4,33.33,66.67
